{
  "system": {
    "keymanDeveloperVersion": "10.0.977.0",
    "fileVersion": "7.0"
  },
  "options": {
  },
  "info": {
    "name": {
      "description": "khmer10"
    },
    "version": {
      "description": "1.3"
    },
    "copyright": {
      "description": "\u00A92017 Marc Durdin"
    },
    "author": {
      "description": "Marc Durdin"
    }
  },
  "files": [
    {
      "name": "khmer10.js",
      "description": "File khmer10.js"
    },
    {
      "name": "Mondulkiri-R.ttf",
      "description": "Font Khmer Mondulkiri"
    },
    {
      "name": "kmp.inf",
      "description": "Package information"
    },
    {
      "name": "kmp.json",
      "description": "Package information (JSON)"
    }
  ],
  "keyboards": [
    {
      "name": "Khmer (NiDA)",
      "id": "khmer10",
      "version": "1.3",
      "oskFont": "Mondulkiri-R.ttf",
      "displayFont": "Mondulkiri-R.ttf",
      "languages": [
        {
          "name": "Khmer",
          "id": "km"
        }
      ]
    }
  ]
}
